UID,Subject,From,To,Date,Raw
82171,$0.99/mo happens now,n*********s@audible.ca,m*******f@gmail.com,2025-06-26T07:31:39.000Z,"Delivered-To: m*******f@gmail.com
Received: by 2002:a5d:5888:0:b0:3a3:6387:ba61 with SMTP id n8csp89944wrf;
        Thu, 26 Jun 2025 00:31:40 -0700 (PDT)
X-Google-Smtp-Source: AGHT+IES1u/FraCp4SeH1yxyu1LcdXwt+R1EZGcrG73CXTk5hgZK38CFChFMpfNL9rKqKWsLc8I6
X-Received: by 2002:a05:622a:4c0a:b0:4a7:6408:b449 with SMTP id d75a77b69052e-4a7f2d6334bmr47580581cf.2.1750923099756;
        Thu, 26 Jun 2025 00:31:39 -0700 (PDT)
ARC-Seal: i=1; a=rsa-sha256; t=1750923099; cv=none;
        d=google.com; s"
82172,"Application Confirmation: UX Research Ops, Coop (39161)",u*******p@utoronto.ca,s**********f@mail.utoronto.ca,2025-06-26T08:21:11.000Z,"Delivered-To: m*******f@gmail.com
Received: by 2002:a5d:5888:0:b0:3a3:6387:ba61 with SMTP id n8csp104489wrf;
        Thu, 26 Jun 2025 01:21:15 -0700 (PDT)
X-Forwarded-Encrypted: i=3; AJvYcCXNqlfaZcuhYBY3KmngaUhEATClUlI65NqJ1MLaTy3UefpiQToyo+5p0TyiFiH9nSZ0v1pa+VSfluw=@gmail.com
X-Google-Smtp-Source: AGHT+IGHpkjV6DkNma/IA/W60nid3TpBdK8ogeGKVK4Sf3552kj1Oe12VhgVLBMTmFLDLvovRxUE
X-Received: by 2002:a05:6e02:170b:b0:3dd:c40d:787e with SMTP id e9e14a558f8ab-3df328503fbmr86010495ab.2.1750926074881;"
82173,Thank You For Applying to theScore COOP Job Board,n******y@us.greenhouse-mail.io,s**********f@mail.utoronto.ca,2025-06-26T08:23:02.000Z,"Delivered-To: m*******f@gmail.com
Received: by 2002:a5d:5888:0:b0:3a3:6387:ba61 with SMTP id n8csp105211wrf;
        Thu, 26 Jun 2025 01:23:47 -0700 (PDT)
X-Forwarded-Encrypted: i=3; AJvYcCUN/JVjysRTB7mRQnnZyy0S9MNomaVKA21LpLoMcIkvgOdaG9Zkm2JGYpqookI/LQFtfQu8BuCz31k=@gmail.com
X-Received: by 2002:a05:690c:6182:b0:70d:f47a:7e21 with SMTP id 00721157ae682-71406c772b2mr91022307b3.1.1750926197658;
        Thu, 26 Jun 2025 01:23:17 -0700 (PDT)
X-Google-Smtp-Source: AGHT+IE8wG2eIwacpOjUr0ts/K9qs"
82174,üì∑ üîäFUJIFILM X half Accessories Now Live: Unlock Full Potential for Your New Gear!,i**o@smallrig.com,m*******f@gmail.com,2025-06-26T08:30:15.000Z,"Delivered-To: m*******f@gmail.com
Received: by 2002:a5d:5888:0:b0:3a3:6387:ba61 with SMTP id n8csp107100wrf;
        Thu, 26 Jun 2025 01:30:25 -0700 (PDT)
X-Google-Smtp-Source: AGHT+IGslYiCeA3XajfcIhG7a7Z87JeKfi3r5leUQEBBpVstAhhmqsJQRBS42U01bV2YfCYw8STa
X-Received: by 2002:ac8:5789:0:b0:4a4:30f5:b504 with SMTP id d75a77b69052e-4a7c07d094emr101621331cf.27.1750926625329;
        Thu, 26 Jun 2025 01:30:25 -0700 (PDT)
ARC-Seal: i=1; a=rsa-sha256; t=1750926625; cv=none;
        d=google.com; s"
82175,Application Confirmation: Dev - Web and Archive Co-op  (39437),u*******p@utoronto.ca,s**********f@mail.utoronto.ca,2025-06-26T09:10:42.000Z,"Delivered-To: m*******f@gmail.com
Received: by 2002:a5d:5888:0:b0:3a3:6387:ba61 with SMTP id n8csp120242wrf;
        Thu, 26 Jun 2025 02:10:52 -0700 (PDT)
X-Forwarded-Encrypted: i=3; AJvYcCX+wcksfgmqQtuYx9fOQ/FA7HZR0zSPk/wWPeF4DL6gV/VMSkRnV3wT9Igg8dmZRqRj3HQELE8Zdio=@gmail.com
X-Google-Smtp-Source: AGHT+IEsCnL5SSqWVH2xcRjtz0BLt+7HV7p2gjyYCVsjPsbNgbYp7k5hd0OsT1Fpl1o2qiWJDNmb
X-Received: by 2002:a05:6e02:3811:b0:3dd:b5ef:4556 with SMTP id e9e14a558f8ab-3df3290dd68mr85564655ab.18.1750929052431"
82176,Application Confirmation: Software Engineering Co-Op ‚Äî Frontend Testing (8 month) (39423),u*******p@utoronto.ca,s**********f@mail.utoronto.ca,2025-06-26T09:17:30.000Z,"Delivered-To: m*******f@gmail.com
Received: by 2002:a5d:5888:0:b0:3a3:6387:ba61 with SMTP id n8csp122528wrf;
        Thu, 26 Jun 2025 02:17:37 -0700 (PDT)
X-Forwarded-Encrypted: i=3; AJvYcCW8KNIG/3T7f54IZoHXfZ+2Z+rQtm0pwrcLg4mBK1chUw3ZlV6aG8I12GjhWIKPQ4Bv8rda6fYiURo=@gmail.com
X-Google-Smtp-Source: AGHT+IGF0gHf6Pzl2Ei637USGKV7oBRfR/JQMQOD7JElG+QSgLa+Z0NcvrFsNFeharEjs89aKmDw
X-Received: by 2002:a05:6902:1285:b0:e82:1c5f:5069 with SMTP id 3f1490d57ef6-e86017274c8mr7555904276.4.1750929457357;"
82177,Application Confirmation: Software Developer Intern (39374),u*******p@utoronto.ca,s**********f@mail.utoronto.ca,2025-06-26T09:26:35.000Z,"Delivered-To: m*******f@gmail.com
Received: by 2002:a5d:5888:0:b0:3a3:6387:ba61 with SMTP id n8csp125153wrf;
        Thu, 26 Jun 2025 02:26:39 -0700 (PDT)
X-Forwarded-Encrypted: i=3; AJvYcCXOQ36yIDtcH+6kxo432MFCGdr6v/HByxwsOA6YRtT1oZJR88DdmApiTd3nudADtub5VACwQJbeh90=@gmail.com
X-Google-Smtp-Source: AGHT+IHev8o4px8H0MwbaMlPnMrOeK2fVeDG7sf/s6cqflhSdUVFpiIR8PtQeSQLRM7KbQu4lkWp
X-Received: by 2002:a05:6e02:1c2a:b0:3de:287b:c445 with SMTP id e9e14a558f8ab-3df327c42e8mr69984555ab.0.1750929999207;"
82178,Application Confirmation: AI Solutions Co-op (36926),u*******p@utoronto.ca,s**********f@mail.utoronto.ca,2025-06-26T09:26:59.000Z,"Delivered-To: m*******f@gmail.com
Received: by 2002:a5d:5888:0:b0:3a3:6387:ba61 with SMTP id n8csp125283wrf;
        Thu, 26 Jun 2025 02:27:04 -0700 (PDT)
X-Forwarded-Encrypted: i=3; AJvYcCW2itpvjWM8ZDZVtwIGV11C34sKKZizzPk4KS5OY//MQFA1wxsVGl6+6LaWpLnySIpWcipGzi+GK+g=@gmail.com
X-Google-Smtp-Source: AGHT+IEJX6Jn9IjH1FV5tB3L/fIre4JxcgU9f8hF1funPoFulz59om0iUArWXqzuAZhMJglvVt4/
X-Received: by 2002:a05:6e02:1a65:b0:3df:3222:278e with SMTP id e9e14a558f8ab-3df32870ea4mr76181205ab.1.1750930024442;"
82179,Application Confirmation: Software Development Co-op (39216),u*******p@utoronto.ca,s**********f@mail.utoronto.ca,2025-06-26T09:27:27.000Z,"Delivered-To: m*******f@gmail.com
Received: by 2002:a5d:5888:0:b0:3a3:6387:ba61 with SMTP id n8csp125459wrf;
        Thu, 26 Jun 2025 02:27:34 -0700 (PDT)
X-Forwarded-Encrypted: i=3; AJvYcCWC0VNdd/eByAetQb+CPEA18JZooK+mzJKH5/b8OIJXH6FkVV9RVnsufs7JM1VWwrVXGkRCeGWu8lE=@gmail.com
X-Google-Smtp-Source: AGHT+IFS1mJ1v7lFVOEU9FJ+lU0WN8tehT22rsYoGUPL9A14I6UQrisxsGzLHEHGXmb5iu1/UsbQ
X-Received: by 2002:a05:6902:2307:b0:e82:568:7ec1 with SMTP id 3f1490d57ef6-e86018e49a4mr7940886276.49.1750930053857;"
82180,Application Confirmation: Data Science/ Machine Learning Co-op (39214),u*******p@utoronto.ca,s**********f@mail.utoronto.ca,2025-06-26T09:27:39.000Z,"Delivered-To: m*******f@gmail.com
Received: by 2002:a5d:5888:0:b0:3a3:6387:ba61 with SMTP id n8csp125525wrf;
        Thu, 26 Jun 2025 02:27:43 -0700 (PDT)
X-Forwarded-Encrypted: i=3; AJvYcCXsxXyiswICg4GNB0+xecUD6HvCYM2E0ngR9zavSeckN+5Z/HcoeWKncJt3cAhr77FmaJ8QIWytBqU=@gmail.com
X-Google-Smtp-Source: AGHT+IFzE2GRunBp2J/3mJAloIatO0B3sw7nUI69ok7Iu/raDpWQ6bQ0u19nFli9LAeQb3QtyHFW
X-Received: by 2002:a05:6902:18cf:b0:e7d:6a8e:dc5a with SMTP id 3f1490d57ef6-e86018cf882mr8278361276.36.1750930063510;"
82181,Application Confirmation: Creative Technologist Intern (39325),u*******p@utoronto.ca,s**********f@mail.utoronto.ca,2025-06-26T09:28:39.000Z,"Delivered-To: m*******f@gmail.com
Received: by 2002:a5d:5888:0:b0:3a3:6387:ba61 with SMTP id n8csp125829wrf;
        Thu, 26 Jun 2025 02:28:43 -0700 (PDT)
X-Forwarded-Encrypted: i=3; AJvYcCWN4H4O3nWD/5Ma8Gc0rGBZaTI+oVaQHMmM4uxxItdpaWLCBxLBTJ/FzRIqIpxZJUXz+jPxmDuYsWg=@gmail.com
X-Google-Smtp-Source: AGHT+IF6aFjHLjO2N460rHD/VwGzIo363Ni5/Hi9Ael1OK2f61765xy+acTVtUWbpBZJfU7LaJp3
X-Received: by 2002:a05:690c:931c:10b0:70e:195:e924 with SMTP id 00721157ae682-71406e12c31mr64150787b3.36.175093012273"
82182,Application Confirmation: Full Stack Software Engineer (12 Months) (38749),u*******p@utoronto.ca,s**********f@mail.utoronto.ca,2025-06-26T09:29:42.000Z,"Delivered-To: m*******f@gmail.com
Received: by 2002:a5d:5888:0:b0:3a3:6387:ba61 with SMTP id n8csp126181wrf;
        Thu, 26 Jun 2025 02:29:50 -0700 (PDT)
X-Forwarded-Encrypted: i=3; AJvYcCWQhQ6bsQQEDajcCdTrnEr49v2QRvJUcAb0KZhbDt98xSMwAPPsyHKa7CwJ3r8dDjE8h6p8vtbYGuQ=@gmail.com
X-Google-Smtp-Source: AGHT+IHytLx0cYzJNuTmywSp/oGeVK76bH/IvT7gbL3+UsoFYN+nvxI75mE1L29NJb2DkvefyWcY
X-Received: by 2002:a05:690c:4a11:b0:710:f1da:1b5f with SMTP id 00721157ae682-71406e29b6dmr86752837b3.34.1750930189891"
82183,Application Confirmation: Full Stack Software Engineer (8 Months) (38748),u*******p@utoronto.ca,s**********f@mail.utoronto.ca,2025-06-26T09:29:49.000Z,"Delivered-To: m*******f@gmail.com
Received: by 2002:a5d:5888:0:b0:3a3:6387:ba61 with SMTP id n8csp126211wrf;
        Thu, 26 Jun 2025 02:29:55 -0700 (PDT)
X-Forwarded-Encrypted: i=3; AJvYcCXlBhXtEhPUZYPMXUtkWMzmXLSR5KXVukaIT6TuUy1Sjui+Eje4doknIt+Yljy13HqTaoZPzxzjzxI=@gmail.com
X-Google-Smtp-Source: AGHT+IEePbaldvc+dP/4P/tWJHJZIumzmJOKuIsbTZITaqloTgk50Cvzggsr2liEN+SE5rJtdKza
X-Received: by 2002:a05:6902:1441:b0:e84:4b63:d8ec with SMTP id 3f1490d57ef6-e879c0bc9efmr3649172276.6.1750930195116;"
82184,"Hey Muhammad, Black Friday in Summer deals inside‚ÄºÔ∏è",n********r@e.bestbuy.ca,m*******f@gmail.com,2025-06-26T09:50:08.000Z,"Delivered-To: m*******f@gmail.com
Received: by 2002:a5d:5888:0:b0:3a3:6387:ba61 with SMTP id n8csp132915wrf;
        Thu, 26 Jun 2025 02:52:16 -0700 (PDT)
X-Google-Smtp-Source: AGHT+IH4NJidT2SNzvACXC6mJLk4qlRWcFpIzL2zd0wb/GbqeEYCdfdrO54sSxgC6/K4mi+ZQVEC
X-Received: by 2002:a05:6214:2f8c:b0:6fa:fd7f:829f with SMTP id 6a1803df08f44-6fd5ef82386mr124033816d6.27.1750931535883;
        Thu, 26 Jun 2025 02:52:15 -0700 (PDT)
ARC-Seal: i=1; a=rsa-sha256; t=1750931535; cv=none;
        d=google.com"
82185,Trump Torches NYC Dem: ‚Äò100% Communist Lunatic‚Äô,**@email.dailywire.com,m*******f@gmail.com,2025-06-26T10:34:18.000Z,"Delivered-To: m*******f@gmail.com
Received: by 2002:a5d:5888:0:b0:3a3:6387:ba61 with SMTP id n8csp148919wrf;
        Thu, 26 Jun 2025 03:34:20 -0700 (PDT)
X-Google-Smtp-Source: AGHT+IFCwyqAm0gZFh/urR58XhBZcv6qxXuJrthJkHMkuccPWm/dImX87qpAKrKZzGc+T0XCWAeJ
X-Received: by 2002:a05:622a:1922:b0:4a7:22fd:a185 with SMTP id d75a77b69052e-4a7c05f8cb9mr102402931cf.1.1750934059691;
        Thu, 26 Jun 2025 03:34:19 -0700 (PDT)
ARC-Seal: i=1; a=rsa-sha256; t=1750934059; cv=none;
        d=google.com;"
82186,‚Äúsoftware engineer‚Äù: CIBC - Application Developer and more,j***************y@linkedin.com,m*******f@gmail.com,2025-06-26T12:46:53.000Z,"Delivered-To: m*******f@gmail.com
Received: by 2002:a5d:5888:0:b0:3a3:6387:ba61 with SMTP id n8csp201363wrf;
        Thu, 26 Jun 2025 05:46:58 -0700 (PDT)
X-Google-Smtp-Source: AGHT+IFCJcY9866WCYJlX9e8fd97c79OBJYgkBK3nmNyq4jSFL2JSagqMQ44Nai7her7nU5xmd6e
X-Received: by 2002:a17:903:2a87:b0:234:f182:a734 with SMTP id d9443c01a7336-238240446e4mr114002085ad.31.1750942018399;
        Thu, 26 Jun 2025 05:46:58 -0700 (PDT)
ARC-Seal: i=1; a=rsa-sha256; t=1750942018; cv=none;
        d=google.com;"
82187,St. Catharines NOW OPEN,m****r@from.k1speed.com,m*******f@gmail.com,2025-06-26T13:08:27.000Z,"Delivered-To: m*******f@gmail.com
Received: by 2002:a5d:5888:0:b0:3a3:6387:ba61 with SMTP id n8csp209217wrf;
        Thu, 26 Jun 2025 06:08:50 -0700 (PDT)
X-Google-Smtp-Source: AGHT+IHjhHY5s4iOkVt5klpIW5XC1LG41J9uy8NvI3QbGU2Cq/IEf0vEBxKgvOh57slb+43a4FtR
X-Received: by 2002:a05:690c:f10:b0:712:c325:2965 with SMTP id 00721157ae682-71406da0c62mr105247607b3.20.1750943329730;
        Thu, 26 Jun 2025 06:08:49 -0700 (PDT)
ARC-Seal: i=1; a=rsa-sha256; t=1750943329; cv=none;
        d=google.com;"
82188,Simplify Your Debt. Take Control Today,u*****s@send-m.usnews.com,m*******f@gmail.com,2025-06-26T13:19:56.000Z,"Delivered-To: m*******f@gmail.com
Received: by 2002:a5d:5888:0:b0:3a3:6387:ba61 with SMTP id n8csp214356wrf;
        Thu, 26 Jun 2025 06:19:57 -0700 (PDT)
X-Google-Smtp-Source: AGHT+IFisSBIfeEGECtksUbQGa7TvNGVpHCZXFrKl5jUiHGSWrvuOtOMu3vdoZ3Kxbf00TMDd7o2
X-Received: by 2002:a17:902:d48b:b0:234:d2fb:2d28 with SMTP id d9443c01a7336-23823f873e9mr120358275ad.2.1750943997403;
        Thu, 26 Jun 2025 06:19:57 -0700 (PDT)
ARC-Seal: i=1; a=rsa-sha256; t=1750943997; cv=none;
        d=google.com; "
82189,New listings for your search alerts,n******y@rentals.ca,m*******f@gmail.com,2025-06-26T13:37:15.000Z,"Delivered-To: m*******f@gmail.com
Received: by 2002:a5d:5888:0:b0:3a3:6387:ba61 with SMTP id n8csp221929wrf;
        Thu, 26 Jun 2025 06:37:17 -0700 (PDT)
X-Google-Smtp-Source: AGHT+IEeM7rvGSd4U+fRu9UR6HZrWlaVeaNVw2m76ODSnDKl4WtskZW9n+Uz8nvb8940TaVBH1JF
X-Received: by 2002:a05:622a:1182:b0:4a6:f6e6:7693 with SMTP id d75a77b69052e-4a7c0618b19mr106215541cf.6.1750945037149;
        Thu, 26 Jun 2025 06:37:17 -0700 (PDT)
ARC-Seal: i=1; a=rsa-sha256; t=1750945037; cv=none;
        d=google.com;"
82190,"Your June update: Gemini CLI, Android 16, and Firebase Studio",g***************y@google.com,m*******f@gmail.com,2025-06-26T13:39:41.000Z,"Delivered-To: m*******f@gmail.com
Received: by 2002:a5d:5888:0:b0:3a3:6387:ba61 with SMTP id n8csp222901wrf;
        Thu, 26 Jun 2025 06:39:42 -0700 (PDT)
X-Received: by 2002:a05:6214:3214:b0:6fb:4c6d:d4d8 with SMTP id 6a1803df08f44-6fd5ef2aefemr118076786d6.3.1750945181766;
        Thu, 26 Jun 2025 06:39:41 -0700 (PDT)
ARC-Seal: i=1; a=rsa-sha256; t=1750945181; cv=none;
        d=google.com; s=arc-20240605;
        b=KIyetHsXz4kMU5CTpwF9S2ESRB+gDeUQP9/afkAo5kips6UaWuMGMIHBxE+LLeWOx2
    "
82191,‚òÄÔ∏è Summer Sale! Get 50% Off Premium Plans! ‚òÄÔ∏è,h***o@chess.com,m*******f@gmail.com,2025-06-26T13:40:44.000Z,"Delivered-To: m*******f@gmail.com
Received: by 2002:a5d:5888:0:b0:3a3:6387:ba61 with SMTP id n8csp223332wrf;
        Thu, 26 Jun 2025 06:40:45 -0700 (PDT)
X-Google-Smtp-Source: AGHT+IEvYhaxrjBrpvomXAuAroIjIXLGoIr8lluYIsjwmamfHQiBGA9LbA2x9GyKi9plrvFM2khk
X-Received: by 2002:ad4:5764:0:b0:6e1:715f:cdf5 with SMTP id 6a1803df08f44-6fd7538e61fmr56505426d6.15.1750945245346;
        Thu, 26 Jun 2025 06:40:45 -0700 (PDT)
ARC-Seal: i=1; a=rsa-sha256; t=1750945245; cv=none;
        d=google.com; s="
82192,"Big Waves, Tiny Surfboards: The Beach Resort Event is Almost Here! üèÑ‚Äç‚ôÇÔ∏èüèñÔ∏èüåä",p*********m@email.nianticlabs.com,m*******f@gmail.com,2025-06-26T14:05:00.000Z,"Delivered-To: m*******f@gmail.com
Received: by 2002:a05:6130:2397:b0:87d:e90d:bb0d with SMTP id db23csp268271uab;
        Thu, 26 Jun 2025 07:05:01 -0700 (PDT)
X-Google-Smtp-Source: AGHT+IEQ4ME8HjTOoT+fBovatL4sGlO99OxOkVmKI87ah84kRlJDdlg7hnXQMeFprOOsOmTU1dob
X-Received: by 2002:a05:6e02:1fc9:b0:3dc:804b:2e74 with SMTP id e9e14a558f8ab-3df32a123d5mr97253735ab.19.1750946700894;
        Thu, 26 Jun 2025 07:05:00 -0700 (PDT)
ARC-Seal: i=1; a=rsa-sha256; t=1750946700; cv=none;
        d=google"
82193,Turn your ideas into AI-powered apps,t**m@email.anthropic.com,m*******f@gmail.com,2025-06-26T14:05:26.000Z,"Delivered-To: m*******f@gmail.com
Received: by 2002:a05:6130:2397:b0:87d:e90d:bb0d with SMTP id db23csp268721uab;
        Thu, 26 Jun 2025 07:05:27 -0700 (PDT)
X-Google-Smtp-Source: AGHT+IGwrOKGNhxQ5+DRPWuQ6i+x4DK/PpoIWA33mmtuhCgo/TfptmIuQeowqbSfaj57tKqLOH2a
X-Received: by 2002:a05:622a:4cc8:b0:491:20d6:75ff with SMTP id d75a77b69052e-4a7c07ee532mr118478961cf.31.1750946727120;
        Thu, 26 Jun 2025 07:05:27 -0700 (PDT)
ARC-Seal: i=1; a=rsa-sha256; t=1750946727; cv=none;
        d=googl"
82194,Win AirPods 4 by sharing your worst boss story!,t***s@kickresume.com,m*******f@gmail.com,2025-06-26T14:05:47.000Z,"Delivered-To: m*******f@gmail.com
Received: by 2002:a05:6130:2397:b0:87d:e90d:bb0d with SMTP id db23csp269064uab;
        Thu, 26 Jun 2025 07:05:50 -0700 (PDT)
X-Google-Smtp-Source: AGHT+IFxsyxaouPQrsgk8JpUHKCuBsHeZ5dwJZXyG393RmYs21ydWQV9BqqHb6d+RI8VzgLghhQX
X-Received: by 2002:a05:6000:40c8:b0:3a6:e6c3:6d95 with SMTP id ffacd0b85a97d-3a6ed64aa66mr6753835f8f.41.1750946750061;
        Thu, 26 Jun 2025 07:05:50 -0700 (PDT)
ARC-Seal: i=1; a=rsa-sha256; t=1750946749; cv=none;
        d=google"
82195,Total Performance for your Favorite Sports,n******y@emails.ca.skechers.com,m*******f@gmail.com,2025-06-26T14:03:07.000Z,"Delivered-To: m*******f@gmail.com
Received: by 2002:a05:6130:2397:b0:87d:e90d:bb0d with SMTP id db23csp269327uab;
        Thu, 26 Jun 2025 07:06:06 -0700 (PDT)
X-Google-Smtp-Source: AGHT+IHHsBaeE3NUjrjmK7/7CTp7xvvCwINZKhkEQvI4yfx6oQJUZjNLfYVCQL7/ZcSLVjjYqvKU
X-Received: by 2002:a05:6808:5089:b0:3f9:8b5b:294c with SMTP id 5614622812f47-40b05bcd345mr5976017b6e.31.1750946765336;
        Thu, 26 Jun 2025 07:06:05 -0700 (PDT)
ARC-Seal: i=1; a=rsa-sha256; t=1750946765; cv=none;
        d=google"
82196,They cancel. We create.,**@email.dailywire.com,m*******f@gmail.com,2025-06-26T14:08:16.000Z,"Delivered-To: m*******f@gmail.com
Received: by 2002:a05:6130:2397:b0:87d:e90d:bb0d with SMTP id db23csp271379uab;
        Thu, 26 Jun 2025 07:08:17 -0700 (PDT)
X-Google-Smtp-Source: AGHT+IFIR364bZi1t58rkSlXx0ValVEKLQYUgu9aQe3TCotZSTVTsve1KLh8qZEbCVvoIsz8Aqrl
X-Received: by 2002:a05:622a:4a0a:b0:48e:ef59:db50 with SMTP id d75a77b69052e-4a7c07d4f4emr132192811cf.31.1750946897021;
        Thu, 26 Jun 2025 07:08:17 -0700 (PDT)
ARC-Seal: i=1; a=rsa-sha256; t=1750946897; cv=none;
        d=googl"
82197,Almost there! The newest Galaxy A Series could be yours soon.,s****************s@pk.email.samsung.com,m*******f@gmail.com,2025-06-26T14:43:14.000Z,"Delivered-To: m*******f@gmail.com
Received: by 2002:a5d:5888:0:b0:3a3:6387:ba61 with SMTP id n8csp252446wrf;
        Thu, 26 Jun 2025 07:43:18 -0700 (PDT)
X-Google-Smtp-Source: AGHT+IEb6c141P/wF5U5LCriyh9cIsaqxCWOGgodKzDC1ee1LzEFoak/6w9XoQgcgWeJLosa+kTJ
X-Received: by 2002:a05:6000:1a8c:b0:3a4:ee40:715c with SMTP id ffacd0b85a97d-3a6ed622524mr7019272f8f.14.1750948997944;
        Thu, 26 Jun 2025 07:43:17 -0700 (PDT)
ARC-Seal: i=1; a=rsa-sha256; t=1750948997; cv=none;
        d=google.com;"
82198,The HireReady Newsletter Vol. 53,t**m@hello.jobscan.co,m*******f@gmail.com,2025-06-26T14:59:00.000Z,"Delivered-To: m*******f@gmail.com
Received: by 2002:a5d:5888:0:b0:3a3:6387:ba61 with SMTP id n8csp259219wrf;
        Thu, 26 Jun 2025 07:59:50 -0700 (PDT)
X-Google-Smtp-Source: AGHT+IFEWbCM6440WuRhSxFov+42240KW1GdDa+w4IHN0v8oK9Dm47L/UlpgZjVGneE8whUrLZ22
X-Received: by 2002:a05:6214:21e1:b0:6fb:50da:48c0 with SMTP id 6a1803df08f44-6fd5ef94169mr130580836d6.32.1750949990171;
        Thu, 26 Jun 2025 07:59:50 -0700 (PDT)
ARC-Seal: i=1; a=rsa-sha256; t=1750949990; cv=none;
        d=google.com"
82199,Generate assets fast with IconScout AI ‚ú®,m**l@iconscout.com,m*******f@gmail.com,2025-06-26T15:00:35.000Z,"Delivered-To: m*******f@gmail.com
Received: by 2002:a5d:5888:0:b0:3a3:6387:ba61 with SMTP id n8csp259661wrf;
        Thu, 26 Jun 2025 08:00:37 -0700 (PDT)
X-Google-Smtp-Source: AGHT+IE8W1j5EKvP/mu0GPnBxilR+LovN1HQRwEyvxV2E+8bxqo42kfZguD3gR6U8lnrtGvrIo9d
X-Received: by 2002:a05:620a:a016:b0:7d3:8d53:c509 with SMTP id af79cd13be357-7d4296d5216mr910879885a.2.1750950036747;
        Thu, 26 Jun 2025 08:00:36 -0700 (PDT)
ARC-Seal: i=1; a=rsa-sha256; t=1750950036; cv=none;
        d=google.com; "
82200,Professional Development Opportunities!: COPB53H3 Y LEC01 20255:Continuing your Co-op Job Search,n***********s@instructure.com,s**********f@mail.utoronto.ca,2025-06-26T15:01:19.000Z,"Delivered-To: m*******f@gmail.com
Received: by 2002:a5d:5888:0:b0:3a3:6387:ba61 with SMTP id n8csp260104wrf;
        Thu, 26 Jun 2025 08:01:23 -0700 (PDT)
X-Forwarded-Encrypted: i=3; AJvYcCWNu1GG5cq1ttBtuUQv4HrgITLbeHlEhqR3W4U//QYMM0jyPDeqT/n6+jottriEFvgjwYC9rzgcEtI=@gmail.com
X-Google-Smtp-Source: AGHT+IEZ6f4NumSzIZnrfUFLsOXpxwySLQFu+xNVa5cCVRneWvQeFrL7JmtYwusTCJccUyvmg+7F
X-Received: by 2002:a05:690c:6d07:b0:70d:ed5d:b4cd with SMTP id 00721157ae682-71406d9d438mr107182707b3.17.175095008289"
82201,"Muhammad, get an EXTRA 25% OFF almost everything at TSC",r****s@e.rogersbank.com,S**********F@mail.utoronto.ca,2025-06-26T15:10:59.000Z,"Delivered-To: m*******f@gmail.com
Received: by 2002:a5d:5888:0:b0:3a3:6387:ba61 with SMTP id n8csp266248wrf;
        Thu, 26 Jun 2025 08:11:22 -0700 (PDT)
X-Forwarded-Encrypted: i=3; AJvYcCXT+uVdknPgYDayLmm2gpj8KNAgfM4oni5wUsTDny2QOb7akxTd9UhTU09x1VFPXiSsz3FW+ayVjPE=@gmail.com
X-Google-Smtp-Source: AGHT+IE9Hdr2VU80DxT9RexQFGs5xKEjEaiTQdmoRWqIVxY4kt0MxB3obM/r9u8ga4L2T12uuOHa
X-Received: by 2002:a05:6e02:4407:20b0:3dd:dd39:324c with SMTP id e9e14a558f8ab-3df32941a02mr62100975ab.9.175095068236"
82202,üåû Summer flash sale: 50% off Coursera Plus!,C******a@m.learn.coursera.org,m*******f@gmail.com,2025-06-26T15:17:04.000Z,"Delivered-To: m*******f@gmail.com
Received: by 2002:a5d:5888:0:b0:3a3:6387:ba61 with SMTP id n8csp269270wrf;
        Thu, 26 Jun 2025 08:17:05 -0700 (PDT)
X-Google-Smtp-Source: AGHT+IG0v/JcvdeEJnxc2vb8ka8OQ7SUj/qeqbdhBab8p/DObWuuVKBKs7PhtvnZxNzpvCctPBI2
X-Received: by 2002:a05:690c:6505:b0:710:e7ad:9d49 with SMTP id 00721157ae682-71406cc084fmr116875367b3.13.1750951025050;
        Thu, 26 Jun 2025 08:17:05 -0700 (PDT)
ARC-Seal: i=1; a=rsa-sha256; t=1750951025; cv=none;
        d=google.com"
82203,Just dropped: your new offers ‚ú®,n*****y@email.pcoptimum.ca,m*******f@gmail.com,2025-06-26T15:22:11.000Z,"Delivered-To: m*******f@gmail.com
Received: by 2002:a5d:5888:0:b0:3a3:6387:ba61 with SMTP id n8csp272605wrf;
        Thu, 26 Jun 2025 08:23:34 -0700 (PDT)
X-Google-Smtp-Source: AGHT+IGGPHcxX9aA7ClbHus0IFbTqPA23fod6kUc1xUcWQG2bJ0SuonmSmDkeY59bhrcZUh/xQxF
X-Received: by 2002:ac8:5894:0:b0:4a4:4103:f301 with SMTP id d75a77b69052e-4a7c0238ac5mr123472211cf.0.1750951414590;
        Thu, 26 Jun 2025 08:23:34 -0700 (PDT)
ARC-Seal: i=1; a=rsa-sha256; t=1750951414; cv=none;
        d=google.com; s="
82204,Mike Tyson is Squaring Up in Toronto,n***********s@mail.fanexpohq.com,m*******f@gmail.com,2025-06-26T15:33:43.000Z,"Delivered-To: m*******f@gmail.com
Received: by 2002:a5d:5888:0:b0:3a3:6387:ba61 with SMTP id n8csp277618wrf;
        Thu, 26 Jun 2025 08:33:54 -0700 (PDT)
X-Google-Smtp-Source: AGHT+IGV3bZvV0oY2GNXEHL4I2jL7aVwfh+vGk3S3gaJp6MiX8ry2+4QKQseNUlfWpsSUuzA5ny0
X-Received: by 2002:a05:600c:4509:b0:453:835a:db with SMTP id 5b1f17b1804b1-4538897ac91mr38576555e9.4.1750952034572;
        Thu, 26 Jun 2025 08:33:54 -0700 (PDT)
ARC-Seal: i=1; a=rsa-sha256; t=1750952034; cv=none;
        d=google.com; s="
82205,"New hackathons, deadlines, and community updates  üëâ",s*****t@devpost.com,m*******f@gmail.com,2025-06-26T16:07:47.000Z,"Delivered-To: m*******f@gmail.com
Received: by 2002:a5d:5888:0:b0:3a3:6387:ba61 with SMTP id n8csp294268wrf;
        Thu, 26 Jun 2025 09:07:50 -0700 (PDT)
X-Google-Smtp-Source: AGHT+IEMT35uGvVF1+yIF4M8RHz0VoalHkirqP8CMasLY6TTR3s7axekhoDJt7tfY4ujvW2Qek5c
X-Received: by 2002:a17:90a:da8d:b0:313:bf67:b354 with SMTP id 98e67ed59e1d1-315f2553204mr12648616a91.0.1750954069788;
        Thu, 26 Jun 2025 09:07:49 -0700 (PDT)
ARC-Seal: i=1; a=rsa-sha256; t=1750954069; cv=none;
        d=google.com; "
82206,Be proud to choose Hopp üè≥Ô∏è‚Äçüåà,c****a@rides.gethopp.com,m*******f@gmail.com,2025-06-26T16:08:20.000Z,"Delivered-To: m*******f@gmail.com
Received: by 2002:a5d:5888:0:b0:3a3:6387:ba61 with SMTP id n8csp294631wrf;
        Thu, 26 Jun 2025 09:08:29 -0700 (PDT)
X-Google-Smtp-Source: AGHT+IFawY3hlc209qJhlQEm1fmLq/Z9BAxxyKQrrMXuTbdPSzMOovCvEQDP306Ueb48K2AOsSpO
X-Received: by 2002:a05:6122:2c17:b0:531:45f1:604d with SMTP id 71dfb90a1353d-532faf28b90mr4230155e0c.6.1750954108779;
        Thu, 26 Jun 2025 09:08:28 -0700 (PDT)
ARC-Seal: i=1; a=rsa-sha256; t=1750954108; cv=none;
        d=google.com; "
82207,Reminder: your Google One AI Premium plan ends in 3 days,g***********************y@google.com,m*******f@gmail.com,2025-06-26T16:11:04.000Z,"Delivered-To: m*******f@gmail.com
Received: by 2002:a5d:5888:0:b0:3a3:6387:ba61 with SMTP id n8csp296023wrf;
        Thu, 26 Jun 2025 09:11:05 -0700 (PDT)
X-Received: by 2002:a05:6e02:2144:b0:3dd:920f:d28e with SMTP id e9e14a558f8ab-3df3e08f400mr50472725ab.13.1750954265027;
        Thu, 26 Jun 2025 09:11:05 -0700 (PDT)
ARC-Seal: i=1; a=rsa-sha256; t=1750954265; cv=none;
        d=google.com; s=arc-20240605;
        b=KyMEMlelDzJIXS38D6LI02Bk4qLIow8Vv2I4ReA++hvcWBvwjF3A+HTYSjI4C34AZx
    "
82208,MEMORANDUM: Associate Dean Experiential & Global Learning ‚Äì Academic Administrative Appointment,o*******c@utoronto.ca,o*******c@utoronto.ca,2025-06-26T16:19:59.000Z,"Delivered-To: m*******f@gmail.com
Received: by 2002:a5d:5888:0:b0:3a3:6387:ba61 with SMTP id n8csp311624wrf;
        Thu, 26 Jun 2025 09:43:58 -0700 (PDT)
X-Forwarded-Encrypted: i=5; AJvYcCVqdaficZz1PiFtXa81ui9e6z8ga3ggKj9S01PUblwACLyImV0EKBgU9u89avKnQntcXYenXkZeXFg=@gmail.com
X-Google-Smtp-Source: AGHT+IHbC66z6JZ4K2iJeyGFPHX7cZYb6ROdzdQBF1oo6gbFTifJCgeDPFBXUkCANSM3kBGQ0i5p
X-Received: by 2002:a05:690c:6b0a:b0:6fb:9280:5bf4 with SMTP id 00721157ae682-71406e085c8mr117367517b3.30.175095623788"
82209,Get up to $50 in value with a new RBC Cash Back Mastercard*,c************s@sf.letsbewell.ca,m*******f@gmail.com,2025-06-26T17:03:51.000Z,"Delivered-To: m*******f@gmail.com
Received: by 2002:a5d:5888:0:b0:3a3:6387:ba61 with SMTP id n8csp320939wrf;
        Thu, 26 Jun 2025 10:04:15 -0700 (PDT)
X-Google-Smtp-Source: AGHT+IGWI4teO02y9dgQHeiF85JXEzCBX13NoSig2R6QNvjl2fLJ3d4qYHLVaw4WNscEWkcdCUs8
X-Received: by 2002:a05:6871:d087:b0:2eb:9fe5:d06c with SMTP id 586e51a60fabf-2efcee62fd3mr3058782fac.3.1750957455156;
        Thu, 26 Jun 2025 10:04:15 -0700 (PDT)
ARC-Seal: i=1; a=rsa-sha256; t=1750957455; cv=none;
        d=google.com; "
82210,New! üî• Customize your website‚Äôs image style üé®,h***o@b12.io,m*******f@gmail.com,2025-06-26T17:05:05.000Z,"Delivered-To: m*******f@gmail.com
Received: by 2002:a5d:5888:0:b0:3a3:6387:ba61 with SMTP id n8csp321631wrf;
        Thu, 26 Jun 2025 10:05:13 -0700 (PDT)
X-Google-Smtp-Source: AGHT+IHeO9tYm5JwySKvflvSs6vsRJB9ZWjDb3jprPzUGsldSGTvU4nPxDXjhnjPjg/vyZK+QKZU
X-Received: by 2002:a05:620a:319b:b0:7d3:8d16:cfb with SMTP id af79cd13be357-7d4439a658fmr39791985a.39.1750957513403;
        Thu, 26 Jun 2025 10:05:13 -0700 (PDT)
ARC-Seal: i=1; a=rsa-sha256; t=1750957513; cv=none;
        d=google.com; s"
82211,Death Stranding 2: On the Beach. Available now.,n********r@e.bestbuy.ca,m*******f@gmail.com,2025-06-26T17:05:18.000Z,"Delivered-To: m*******f@gmail.com
Received: by 2002:a5d:5888:0:b0:3a3:6387:ba61 with SMTP id n8csp321728wrf;
        Thu, 26 Jun 2025 10:05:20 -0700 (PDT)
X-Google-Smtp-Source: AGHT+IE2QxjhBnd/sqWyvMzxKAtjE9/14hChl0Zx5wrc5aPgNtXQqWxYzc+UXPeW7I49Yivnq6jY
X-Received: by 2002:a05:6214:5292:b0:6e6:5bd5:f3a8 with SMTP id 6a1803df08f44-700034c32d1mr4127246d6.29.1750957520438;
        Thu, 26 Jun 2025 10:05:20 -0700 (PDT)
ARC-Seal: i=1; a=rsa-sha256; t=1750957520; cv=none;
        d=google.com; "
82212,MEMORANDUM: Associate Dean Undergraduate Programs & Curriculum ‚Äì Academic Administrative Appointment,o*******c@utoronto.ca,o*******c@utoronto.ca,2025-06-26T17:06:31.000Z,"Delivered-To: m*******f@gmail.com
Received: by 2002:a5d:5888:0:b0:3a3:6387:ba61 with SMTP id n8csp334176wrf;
        Thu, 26 Jun 2025 10:30:39 -0700 (PDT)
X-Forwarded-Encrypted: i=5; AJvYcCVtYxYQFlvZUZDkYC/1kVIAl/rmIzLEpycuBHiGyvqWhSzInI/wvw5WUgrkNPR9R66rVGCayYYQp2s=@gmail.com
X-Google-Smtp-Source: AGHT+IEOSU4vAxBJNqckUjkavSJDea3YTVgzxEoKBnJkPGRud1KKXMbfsoqGAgMkGaRgFUrm063L
X-Received: by 2002:a6b:7609:0:b0:874:e108:8e3a with SMTP id ca18e2360f4ac-876883801dfmr42258939f.12.1750959039618;
 "
82213,"15% off summer essentials, plus deals on adidas",e**y@reply.ebay.ca,m*******f@gmail.com,2025-06-26T17:32:53.000Z,"Delivered-To: m*******f@gmail.com
Received: by 2002:a5d:5888:0:b0:3a3:6387:ba61 with SMTP id n8csp335355wrf;
        Thu, 26 Jun 2025 10:32:55 -0700 (PDT)
X-Google-Smtp-Source: AGHT+IF8EzmEuSSl6d2MsL7YVY85J8mXM/CZ1KrywqDVJo4vxB655ADliziyk6EIrWvW74vHLtQT
X-Received: by 2002:a05:6e02:1a2d:b0:3de:281b:d0e4 with SMTP id e9e14a558f8ab-3df4ab45122mr3732135ab.2.1750959174425;
        Thu, 26 Jun 2025 10:32:54 -0700 (PDT)
ARC-Seal: i=1; a=rsa-sha256; t=1750959174; cv=none;
        d=google.com; s"
82214,Set the scene in Samba,a****s@us-news.adidas.com,m*******f@gmail.com,2025-06-26T17:43:20.000Z,"Delivered-To: m*******f@gmail.com
Received: by 2002:a5d:5888:0:b0:3a3:6387:ba61 with SMTP id n8csp339470wrf;
        Thu, 26 Jun 2025 10:43:23 -0700 (PDT)
X-Google-Smtp-Source: AGHT+IHG01/2ejeGYQyIdu+W2/ddXiuG+8bTyAM0MLp/iVL+boNUAp2d93Ysa/AUYMOw3v5PNm7d
X-Received: by 2002:a05:6214:4c88:b0:6fa:c605:5f0c with SMTP id 6a1803df08f44-6fd753c85damr55890706d6.11.1750959803654;
        Thu, 26 Jun 2025 10:43:23 -0700 (PDT)
ARC-Seal: i=1; a=rsa-sha256; t=1750959803; cv=none;
        d=google.com;"
82215,06/26/25 Daily Digest for CSCC 01 on Piazza,n******y@piazza.com,s**********f@mail.utoronto.ca,2025-06-26T18:04:17.000Z,"Delivered-To: m*******f@gmail.com
Received: by 2002:a5d:5888:0:b0:3a3:6387:ba61 with SMTP id n8csp347625wrf;
        Thu, 26 Jun 2025 11:04:20 -0700 (PDT)
X-Forwarded-Encrypted: i=3; AJvYcCWprFuVZMFjqc2VSAUSgZhKOnDBj+S5H2XbPPNl2r/IXN5Vg1nVlvjx5S6jT/yWHgs+mxi1SCyZ4XQ=@gmail.com
X-Google-Smtp-Source: AGHT+IH27NhcjkpDp60w9ju2aQCzUuvRV4JVzJyC4SMROxYL0patUdPkctHRapFPuRSDahVVu1ZQ
X-Received: by 2002:a05:6902:6a0a:b0:e84:940:e86c with SMTP id 3f1490d57ef6-e87a7b0b92bmr321431276.22.1750961060628;
"
82216,06/26/25 Daily Digest for MATB 41H3 on Piazza,n******y@piazza.com,s**********f@mail.utoronto.ca,2025-06-26T18:05:52.000Z,"Delivered-To: m*******f@gmail.com
Received: by 2002:a5d:5888:0:b0:3a3:6387:ba61 with SMTP id n8csp348369wrf;
        Thu, 26 Jun 2025 11:05:55 -0700 (PDT)
X-Forwarded-Encrypted: i=3; AJvYcCWAPmeUaDSXF0CNKaczmtxjrlDmjw0RHreKyQZrXHIuhr+WaQjfDJDfi8BScS/UeF1f06wmGHWRJBU=@gmail.com
X-Google-Smtp-Source: AGHT+IGKiiGl1irj/b4o+dgyId0aR0ZZbZM7P9cgPLqKH4YmpYvSS/PjDJvuB45X6XfF+0PSpd+j
X-Received: by 2002:a05:690c:3685:b0:710:f564:5071 with SMTP id 00721157ae682-71517146ba1mr3823397b3.11.1750961155221;"
82217,The Big Paintball Blowout ‚Äì Up to 50% OFF!,i**o@optimumpaintball.ca,m*******f@gmail.com,2025-06-26T18:06:52.000Z,"Delivered-To: m*******f@gmail.com
Received: by 2002:a5d:5888:0:b0:3a3:6387:ba61 with SMTP id n8csp348920wrf;
        Thu, 26 Jun 2025 11:06:53 -0700 (PDT)
X-Google-Smtp-Source: AGHT+IH4LykrkzFyEFspkh3eJLU6sUSiFt4sLXxlX7M2iBfYy+mUl1nHkU4fGvJg8kAIBqn48Iaw
X-Received: by 2002:a05:6808:3992:b0:406:765a:d99d with SMTP id 5614622812f47-40b33c2bdeemr174943b6e.3.1750961212718;
        Thu, 26 Jun 2025 11:06:52 -0700 (PDT)
ARC-Seal: i=1; a=rsa-sha256; t=1750961212; cv=none;
        d=google.com; s"
82218,Welcome to the Windows Insider Program!,W*******************m@e-mails.microsoft.com,m*******f@gmail.com,2025-06-26T18:10:39.000Z,"Delivered-To: m*******f@gmail.com
Received: by 2002:a5d:5888:0:b0:3a3:6387:ba61 with SMTP id n8csp350578wrf;
        Thu, 26 Jun 2025 11:10:42 -0700 (PDT)
X-Google-Smtp-Source: AGHT+IG0/iZ/2xWvDiz/4CS2pUwvBiNC1QIBq/K2mzgn80Sl9NgcER/EL/5+mkGzJhDSaIs7x8Bl
X-Received: by 2002:a05:6a00:3e21:b0:748:f8ae:bdd7 with SMTP id d2e1a72fcca58-74af6ee48aemr214338b3a.9.1750961442396;
        Thu, 26 Jun 2025 11:10:42 -0700 (PDT)
ARC-Seal: i=1; a=rsa-sha256; t=1750961442; cv=none;
        d=google.com; s"
82219,Make This Holiday Weekend Unforgettable in Niagara Falls!,n********r@sheratonfallsview.email,M*******F@gmail.com,2025-06-26T18:14:20.000Z,"Delivered-To: m*******f@gmail.com
Received: by 2002:a5d:5888:0:b0:3a3:6387:ba61 with SMTP id n8csp352111wrf;
        Thu, 26 Jun 2025 11:14:22 -0700 (PDT)
X-Google-Smtp-Source: AGHT+IGeOt2iYIjoBjK6guJDrJ2BWDkyiD7x6y9MPPjmsVLX68s865QNzR2sDBfgS+fWOOnDYbIa
X-Received: by 2002:a05:622a:547:b0:494:aa40:b0c3 with SMTP id d75a77b69052e-4a7fc9d4f4bmr6867391cf.10.1750961662389;
        Thu, 26 Jun 2025 11:14:22 -0700 (PDT)
ARC-Seal: i=1; a=rsa-sha256; t=1750961662; cv=none;
        d=google.com; s"
82220,FAANG 2026 hiring is round the corner üçÅ,c*******y@extern.com,m*******f@gmail.com,2025-06-26T19:32:37.000Z,"Delivered-To: m*******f@gmail.com
Received: by 2002:a5d:5888:0:b0:3a3:6387:ba61 with SMTP id n8csp382442wrf;
        Thu, 26 Jun 2025 12:32:38 -0700 (PDT)
X-Google-Smtp-Source: AGHT+IFDH5HtlT+lTI3RLCiTsIOYns+nbLKVdG9xVPFE1Lmq299Q9jl8vfmtHin6/LXISxEJ3AJS
X-Received: by 2002:a05:622a:1182:b0:4a6:f518:6b11 with SMTP id d75a77b69052e-4a7fcacffa9mr14791371cf.28.1750966357940;
        Thu, 26 Jun 2025 12:32:37 -0700 (PDT)
ARC-Seal: i=1; a=rsa-sha256; t=1750966357; cv=none;
        d=google.com;"
82221,"Application Confirmation: Software Engineer I, PEGA (8 months)  (39195)",u*******p@utoronto.ca,s**********f@mail.utoronto.ca,2025-06-26T20:26:28.000Z,"Delivered-To: m*******f@gmail.com
Received: by 2002:a5d:5888:0:b0:3a3:6387:ba61 with SMTP id n8csp401781wrf;
        Thu, 26 Jun 2025 13:26:32 -0700 (PDT)
X-Forwarded-Encrypted: i=3; AJvYcCWJrYG3hRQMQYxFftme1Abrpv7Q/cFjXs9sMsCGp9M0tTB7LUSyRLm73n3uuQMpOXfYkuEA1zQ6J9I=@gmail.com
X-Google-Smtp-Source: AGHT+IFVEcX8sgjRzuAtLYnxKdg/IHc8/6bjsDSXG0q46YFJbCKdPwBpDccNaeWeWUg4qoz+Hidz
X-Received: by 2002:a5d:8e0b:0:b0:875:b255:e6af with SMTP id ca18e2360f4ac-8768836adf1mr95538539f.10.1750969592390;
 "
82222,"New jobs similar to Intern, Data visualization (Fall 2025) at Bombardier",j**********y@linkedin.com,m*******f@gmail.com,2025-06-26T20:45:23.000Z,"Delivered-To: m*******f@gmail.com
Received: by 2002:a5d:5888:0:b0:3a3:6387:ba61 with SMTP id n8csp408396wrf;
        Thu, 26 Jun 2025 13:45:27 -0700 (PDT)
X-Google-Smtp-Source: AGHT+IHloPa7bIFoZx2iVuhV4VNHpDjCf1SuoDum5iHqcbkfzc16jPG7qrXvEkdyGT2j8ltpTb8c
X-Received: by 2002:a05:6a20:7284:b0:203:ca66:e30 with SMTP id adf61e73a8af0-220a1a6326dmr561474637.37.1750970727550;
        Thu, 26 Jun 2025 13:45:27 -0700 (PDT)
ARC-Seal: i=1; a=rsa-sha256; t=1750970727; cv=none;
        d=google.com; s"
82223,Use it or Lose it! ‚åõ,h***o@chess.com,m*******f@gmail.com,2025-06-26T21:30:26.000Z,"Delivered-To: m*******f@gmail.com
Received: by 2002:a5d:5888:0:b0:3a3:6387:ba61 with SMTP id n8csp424537wrf;
        Thu, 26 Jun 2025 14:30:27 -0700 (PDT)
X-Google-Smtp-Source: AGHT+IH74fTdHUQhLrGJnNUD2hfEIpaeh/6K+Az7YDLrQhOcnR5lfdAcPHBc8AMJDZlgDqDodhae
X-Received: by 2002:a05:6902:20c6:b0:e7d:801d:4625 with SMTP id 3f1490d57ef6-e87a7b9dc73mr1529615276.33.1750973427459;
        Thu, 26 Jun 2025 14:30:27 -0700 (PDT)
ARC-Seal: i=1; a=rsa-sha256; t=1750973427; cv=none;
        d=google.com; "
82224,"New: Connect Julius to Google Drive, import Jupyter Notebooks, and more!",t**m@chatwithyourdata.io,m*******f@gmail.com,2025-06-26T22:37:01.000Z,"Delivered-To: m*******f@gmail.com
Received: by 2002:a5d:5888:0:b0:3a3:6387:ba61 with SMTP id n8csp446227wrf;
        Thu, 26 Jun 2025 15:37:02 -0700 (PDT)
X-Google-Smtp-Source: AGHT+IHV0Hb22diq2AJeXDgHRz93QHeRFfl9vG5YccTstcDBgZEFd1WG+qODMJ4i5oDcZU/3vb+9
X-Received: by 2002:a05:620a:3728:b0:7d3:913e:802e with SMTP id af79cd13be357-7d4439b7de7mr206733185a.41.1750977421726;
        Thu, 26 Jun 2025 15:37:01 -0700 (PDT)
ARC-Seal: i=1; a=rsa-sha256; t=1750977421; cv=none;
        d=google.com;"
82225,Celebrate Early: Get 6 Months FREE,**@email.dailywire.com,m*******f@gmail.com,2025-06-26T23:15:59.000Z,"Delivered-To: m*******f@gmail.com
Received: by 2002:a5d:5888:0:b0:3a3:6387:ba61 with SMTP id n8csp458530wrf;
        Thu, 26 Jun 2025 16:16:00 -0700 (PDT)
X-Google-Smtp-Source: AGHT+IFWlAB49PTANbTFdS9lZo+SmKz6e925ka/OhMt1VwDRwumZMtWjE5kMQD7SZSz3+XV3EdGQ
X-Received: by 2002:a05:620a:29cc:b0:7ca:f039:d471 with SMTP id af79cd13be357-7d4439b800emr206968885a.52.1750979760059;
        Thu, 26 Jun 2025 16:16:00 -0700 (PDT)
ARC-Seal: i=1; a=rsa-sha256; t=1750979760; cv=none;
        d=google.com;"
82226,‚õΩüéÅ DOUBLE your rewards on fuel this long weekend,t******e@email.triangle.com,m*******f@gmail.com,2025-06-26T23:38:33.000Z,"Delivered-To: m*******f@gmail.com
Received: by 2002:a5d:5888:0:b0:3a3:6387:ba61 with SMTP id n8csp465079wrf;
        Thu, 26 Jun 2025 16:39:49 -0700 (PDT)
X-Google-Smtp-Source: AGHT+IFeCPT2zPeyc6KeHaQ9T9M6nvn3j8l6yvVSn0rEyyVJpJdYWkGDC5bh8Cd76OShZVlH3Omi
X-Received: by 2002:a05:620a:d84:b0:7d3:f3a5:71d7 with SMTP id af79cd13be357-7d4439a5349mr236862585a.40.1750981189733;
        Thu, 26 Jun 2025 16:39:49 -0700 (PDT)
ARC-Seal: i=1; a=rsa-sha256; t=1750981189; cv=none;
        d=google.com; "
82227,Tutorial Will Be Held Virtually Tomorrow: TUT0001 - Alaa,n***********s@instructure.com,s**********f@mail.utoronto.ca,2025-06-27T01:27:22.000Z,"Delivered-To: m*******f@gmail.com
Received: by 2002:a5d:5888:0:b0:3a3:6387:ba61 with SMTP id n8csp495722wrf;
        Thu, 26 Jun 2025 18:27:25 -0700 (PDT)
X-Forwarded-Encrypted: i=3; AJvYcCWTgXIiqCA3buk64Mtgmv+sEfxTtssPMcxGlnu1xCaGa/rJoEx4aHEKvqmrUt2dcwvwqfjGiAnSQDI=@gmail.com
X-Google-Smtp-Source: AGHT+IFQHPNwmZ3Nui5TIC8Jwru3JelKogV5W9ydSQRgneY7I8j7CTis5dyjSbLqU4NdfBMh1NZg
X-Received: by 2002:a05:690c:620f:b0:70e:128c:3005 with SMTP id 00721157ae682-715171b5312mr22638297b3.21.1750987644953"
82228,We've updated our Terms of Service,a***********s@figma.com,s**********f@mail.utoronto.ca,2025-06-27T02:08:55.000Z,"Delivered-To: m*******f@gmail.com
Received: by 2002:a5d:5888:0:b0:3a3:6387:ba61 with SMTP id n8csp506688wrf;
        Thu, 26 Jun 2025 19:09:01 -0700 (PDT)
X-Forwarded-Encrypted: i=3; AJvYcCUJvhA3hyz/choxP6dqfxp9a/RShDDn858aYFpZ3OWW5+SgKg6hRKSeavREnKfiItiL+jyaDS9NX/I=@gmail.com
X-Google-Smtp-Source: AGHT+IFqJuPSTwjzOWM5MtUvg1kLZ6JhhBdE6RkzEBoIT4psDXGnqChtTaFiwC+C99QWsmjR3K/N
X-Received: by 2002:a05:690c:45ca:b0:70e:29af:844a with SMTP id 00721157ae682-71517196047mr24532487b3.18.1750990141175"
82229,A Gentle Friday Reminder üåø,i**o@yaqeenbooks.com,m*******f@gmail.com,2025-06-27T02:13:24.000Z,"Delivered-To: m*******f@gmail.com
Received: by 2002:a5d:5888:0:b0:3a3:6387:ba61 with SMTP id n8csp507766wrf;
        Thu, 26 Jun 2025 19:13:26 -0700 (PDT)
X-Google-Smtp-Source: AGHT+IHGqak5k2p1DM2jkWwWbjHHjkDjPVHgazxTcw8t2WGxMj7h+SRxqCFcDBMinGiXterOvlYs
X-Received: by 2002:a05:622a:228f:b0:476:8d14:6e7 with SMTP id d75a77b69052e-4a7fcdc5bd4mr28496331cf.33.1750990405907;
        Thu, 26 Jun 2025 19:13:25 -0700 (PDT)
ARC-Seal: i=1; a=rsa-sha256; t=1750990405; cv=none;
        d=google.com; "
82230,New sign-in detected,a**********l@serif.com,m*******f@gmail.com,2025-06-27T02:35:07.000Z,"Delivered-To: m*******f@gmail.com
Received: by 2002:a5d:5888:0:b0:3a3:6387:ba61 with SMTP id n8csp512652wrf;
        Thu, 26 Jun 2025 19:35:08 -0700 (PDT)
X-Google-Smtp-Source: AGHT+IEuoExXaMwgIHK09BXS5thQiTkUIu2+z3t2DXaFaqFVpAxBGxuJVzeV++ZQVpy6bhdSPVFU
X-Received: by 2002:a05:600c:4586:b0:43d:4686:5cfb with SMTP id 5b1f17b1804b1-4538ee5cf6bmr13634225e9.27.1750991708346;
        Thu, 26 Jun 2025 19:35:08 -0700 (PDT)
ARC-Seal: i=1; a=rsa-sha256; t=1750991708; cv=none;
        d=google.com;"
82231,Re: Unable to Login,s***f@pknic.net.pk,m*******f@gmail.com,2025-06-27T05:52:02.000Z,"Delivered-To: m*******f@gmail.com
Received: by 2002:a5d:5888:0:b0:3a3:6387:ba61 with SMTP id n8csp559147wrf;
        Thu, 26 Jun 2025 22:52:11 -0700 (PDT)
X-Google-Smtp-Source: AGHT+IG1/Ym+TzoSPhIaKZStdHPxz57AZNaX+aiX8bhmR/Ij42BAwmdfpQobPzk715pEtx7ULur5
X-Received: by 2002:a05:622a:8348:b0:4a6:fa39:63ac with SMTP id d75a77b69052e-4a7fd7b33bdmr28885911cf.13.1751003531374;
        Thu, 26 Jun 2025 22:52:11 -0700 (PDT)
ARC-Seal: i=1; a=rsa-sha256; t=1751003531; cv=none;
        d=google.com;"
82232,Trump Furious With Media Over Iran Strike Misinformation,**@email.dailywire.com,m*******f@gmail.com,2025-06-27T10:33:27.000Z,"Delivered-To: m*******f@gmail.com
Received: by 2002:a5d:5888:0:b0:3a3:6387:ba61 with SMTP id n8csp644874wrf;
        Fri, 27 Jun 2025 03:35:52 -0700 (PDT)
X-Google-Smtp-Source: AGHT+IGHp6oas+ma/+nLlrN+7Az/z5Zz0aum3Jr/rFFSAX7kdf2Zvf6+Ztv0/2B3VvM8IrVG5mHE
X-Received: by 2002:a05:622a:11c5:b0:4a4:3fb2:113c with SMTP id d75a77b69052e-4a7fcde978bmr41964051cf.45.1751020551941;
        Fri, 27 Jun 2025 03:35:51 -0700 (PDT)
ARC-Seal: i=1; a=rsa-sha256; t=1751020551; cv=none;
        d=google.com;"
82233,Last Chance To Book Your Spot!,m****r@from.k1speed.com,m*******f@gmail.com,2025-06-27T11:55:14.000Z,"Delivered-To: m*******f@gmail.com
Received: by 2002:a5d:5888:0:b0:3a3:6387:ba61 with SMTP id n8csp674627wrf;
        Fri, 27 Jun 2025 04:56:26 -0700 (PDT)
X-Google-Smtp-Source: AGHT+IETtnTfsOZA1mcZsoTIKT8m4r8Cdts/1F/LbfFkGc+rdE/fRnotTbI6y46cxQzgag6Rm1Mg
X-Received: by 2002:a05:6902:4893:b0:e84:1b24:acc1 with SMTP id 3f1490d57ef6-e87a7b64836mr3605737276.23.1751025386111;
        Fri, 27 Jun 2025 04:56:26 -0700 (PDT)
ARC-Seal: i=1; a=rsa-sha256; t=1751025386; cv=none;
        d=google.com; "
82234,üí∞ Supersize your savings during Black Friday in Summer.,n********r@e.bestbuy.ca,m*******f@gmail.com,2025-06-27T12:02:03.000Z,"Delivered-To: m*******f@gmail.com
Received: by 2002:a5d:5888:0:b0:3a3:6387:ba61 with SMTP id n8csp678342wrf;
        Fri, 27 Jun 2025 05:05:59 -0700 (PDT)
X-Google-Smtp-Source: AGHT+IGPX0fByPpxfhDXGBqPwuEwNfqKmn9g4GhUqBx35X0XKwYqrh8tDtoNkd5zfRZqof5Lskm6
X-Received: by 2002:a05:622a:1190:b0:4a6:f3f7:4c28 with SMTP id d75a77b69052e-4a7fc9f53bfmr50387491cf.17.1751025959246;
        Fri, 27 Jun 2025 05:05:59 -0700 (PDT)
ARC-Seal: i=1; a=rsa-sha256; t=1751025959; cv=none;
        d=google.com;"
82235,New listings for your search alerts,n******y@rentals.ca,m*******f@gmail.com,2025-06-27T12:07:27.000Z,"Delivered-To: m*******f@gmail.com
Received: by 2002:a5d:5888:0:b0:3a3:6387:ba61 with SMTP id n8csp679059wrf;
        Fri, 27 Jun 2025 05:07:29 -0700 (PDT)
X-Google-Smtp-Source: AGHT+IEpU8gabwLvgbxWC7T25BK/hFKoOvOsfIl2Ytm5xyxsry6VlrPIU1bTbNrWk4UazFydNEhC
X-Received: by 2002:a05:6a20:3944:b0:215:d565:3026 with SMTP id adf61e73a8af0-220a1594ef8mr4635824637.20.1751026048984;
        Fri, 27 Jun 2025 05:07:28 -0700 (PDT)
ARC-Seal: i=1; a=rsa-sha256; t=1751026048; cv=none;
        d=google.com;"
82236,‚Äúsoftware engineer‚Äù: TD - Software Engineer I and more,j***************y@linkedin.com,m*******f@gmail.com,2025-06-27T12:46:13.000Z,"Delivered-To: m*******f@gmail.com
Received: by 2002:a5d:5888:0:b0:3a3:6387:ba61 with SMTP id n8csp694951wrf;
        Fri, 27 Jun 2025 05:46:16 -0700 (PDT)
X-Google-Smtp-Source: AGHT+IF0lxBEwOH0sV1JkIZvJfRUtsUgIOuZS3qJX7PaHZZbNRoYrZD50BUuAfzemkseWpq+6FA9
X-Received: by 2002:a05:6214:2b0e:b0:6fa:be56:bbea with SMTP id 6a1803df08f44-6fffdcfbf0fmr51842826d6.6.1751028376386;
        Fri, 27 Jun 2025 05:46:16 -0700 (PDT)
ARC-Seal: i=1; a=rsa-sha256; t=1751028376; cv=none;
        d=google.com; "
82237,CANADA DAY SALE üá®üá¶,r***y@e.vans.com,m*******f@gmail.com,2025-06-27T13:02:28.000Z,"Delivered-To: m*******f@gmail.com
Received: by 2002:a05:6130:2397:b0:87d:e90d:bb0d with SMTP id db23csp884296uab;
        Fri, 27 Jun 2025 06:04:18 -0700 (PDT)
X-Google-Smtp-Source: AGHT+IEko/DkQN3oaT63ER8g+Yxo9ZqFwa+Dnl/OSJcI8VD4PFivKhkb9gQYDYjjkawbK5p3NN1D
X-Received: by 2002:a05:651c:2205:b0:32a:bdc6:d1eb with SMTP id 38308e7fff4ca-32cdc708218mr11788701fa.2.1751029455352;
        Fri, 27 Jun 2025 06:04:15 -0700 (PDT)
ARC-Seal: i=1; a=rsa-sha256; t=1751029455; cv=none;
        d=google."
82238,Boost Your Savings: Top High-Yield Picks,u*****s@send-m.usnews.com,m*******f@gmail.com,2025-06-27T13:15:56.000Z,"Delivered-To: m*******f@gmail.com
Received: by 2002:a05:6130:2397:b0:87d:e90d:bb0d with SMTP id db23csp897242uab;
        Fri, 27 Jun 2025 06:20:01 -0700 (PDT)
X-Google-Smtp-Source: AGHT+IGpX2QetvK2DTiudxMMY6nXrKKGnceCGXTY+0VawtCjIdmlc5QX2XV6c61yRKRdmfEJtZBz
X-Received: by 2002:a05:6a21:596:b0:220:210f:30f1 with SMTP id adf61e73a8af0-220a17e9660mr5561062637.36.1751030401067;
        Fri, 27 Jun 2025 06:20:01 -0700 (PDT)
ARC-Seal: i=1; a=rsa-sha256; t=1751030401; cv=none;
        d=google."
82239,Dealing with Feeling Podcast on Managing Emotions,n******y@t.mail.coursera.org,m*******f@gmail.com,2025-06-27T13:51:26.000Z,"Delivered-To: m*******f@gmail.com
Received: by 2002:a5d:5888:0:b0:3a3:6387:ba61 with SMTP id n8csp716423wrf;
        Fri, 27 Jun 2025 06:51:28 -0700 (PDT)
X-Google-Smtp-Source: AGHT+IE+nsfxIAolLGAXqYgNyli3NoT2FvK5FjV6225dPJ6IPpd9In+Xl7Uu9ylY9VvswpYBUak9
X-Received: by 2002:a05:6902:4883:b0:e85:fba9:30d0 with SMTP id 3f1490d57ef6-e87a7b1e5d4mr4437236276.2.1751032288159;
        Fri, 27 Jun 2025 06:51:28 -0700 (PDT)
ARC-Seal: i=1; a=rsa-sha256; t=1751032288; cv=none;
        d=google.com; s"
82240,Final Resume Review with ChatGPT,b*********y@substack.com,m*******f@gmail.com,2025-06-27T13:55:34.000Z,"Delivered-To: m*******f@gmail.com
Received: by 2002:a5d:5888:0:b0:3a3:6387:ba61 with SMTP id n8csp718084wrf;
        Fri, 27 Jun 2025 06:55:42 -0700 (PDT)
X-Google-Smtp-Source: AGHT+IGujaH2cJrPb4gxF+szVKxzT3/wXH79woFUtyM1qaiqKqDDolpONHxwstQOxO4gmtm97i33
X-Received: by 2002:ad4:5e8f:0:b0:6fb:66f7:643a with SMTP id 6a1803df08f44-7000224847fmr58976466d6.23.1751032542027;
        Fri, 27 Jun 2025 06:55:42 -0700 (PDT)
ARC-Seal: i=1; a=rsa-sha256; t=1751032542; cv=none;
        d=google.com; s="
82241,Get 6 Months FREE‚ÄîBefore the 4th Even Starts,**@email.dailywire.com,m*******f@gmail.com,2025-06-27T14:07:56.000Z,"Delivered-To: m*******f@gmail.com
Received: by 2002:a5d:5888:0:b0:3a3:6387:ba61 with SMTP id n8csp723075wrf;
        Fri, 27 Jun 2025 07:07:59 -0700 (PDT)
X-Google-Smtp-Source: AGHT+IH+e8d0ZCEtJrbUJQO3GBSUpg0a3fP8tmj5CBl3QvdXeg6BpWnsvyQBifTWqOkuMHW6m0Q8
X-Received: by 2002:a05:6000:646:b0:3a5:8600:7cff with SMTP id ffacd0b85a97d-3a8fdb2a82fmr3565113f8f.1.1751033279140;
        Fri, 27 Jun 2025 07:07:59 -0700 (PDT)
ARC-Seal: i=1; a=rsa-sha256; t=1751033279; cv=none;
        d=google.com; s"
82242,Experience the latest from our video apps,m**l@email.adobe.com,m*******f@gmail.com,2025-06-27T15:55:29.000Z,"Delivered-To: m*******f@gmail.com
Received: by 2002:a5d:5888:0:b0:3a3:6387:ba61 with SMTP id n8csp770145wrf;
        Fri, 27 Jun 2025 08:55:35 -0700 (PDT)
X-Google-Smtp-Source: AGHT+IGF7y2muzAkXOv97ezpILcRdiH2e89KLiIbZ2oi6Xgodq8w6dsmJQmIn0WBABENHdZoQzon
X-Received: by 2002:a17:902:ce87:b0:235:eb8d:800b with SMTP id d9443c01a7336-23ac45e2232mr65656565ad.26.1751039735617;
        Fri, 27 Jun 2025 08:55:35 -0700 (PDT)
ARC-Seal: i=1; a=rsa-sha256; t=1751039735; cv=none;
        d=google.com; "
82243,"The Duty of Genius, Geoff Dyer, and More",a*****y@substack.com,m*******f@gmail.com,2025-06-27T16:04:55.000Z,"Delivered-To: m*******f@gmail.com
Received: by 2002:a5d:5888:0:b0:3a3:6387:ba61 with SMTP id n8csp778143wrf;
        Fri, 27 Jun 2025 09:11:25 -0700 (PDT)
X-Google-Smtp-Source: AGHT+IEHpe15WkRDSGZOPRAbZBQ+wJYbaH///fzxJk9RMImRbGFZ0tlE+9zN1mjxtKnGRhr+8fyk
X-Received: by 2002:a05:620a:4397:b0:7d0:9e8c:6fef with SMTP id af79cd13be357-7d443856346mr524465985a.0.1751040685412;
        Fri, 27 Jun 2025 09:11:25 -0700 (PDT)
ARC-Seal: i=1; a=rsa-sha256; t=1751040685; cv=none;
        d=google.com; "
82244,"Muhammad Shaaf, your Triangle Rewards offers are here!",t******e@email.triangle.com,m*******f@gmail.com,2025-06-27T16:15:07.000Z,"Delivered-To: m*******f@gmail.com
Received: by 2002:a5d:5888:0:b0:3a3:6387:ba61 with SMTP id n8csp780486wrf;
        Fri, 27 Jun 2025 09:15:56 -0700 (PDT)
X-Google-Smtp-Source: AGHT+IG5fT7s1Q+oIsfS1qo+L8XxVvHgglPolNMjrgifWqWuyrBfFzT+VEWYjKHA8bQ0w9wQ1WD6
X-Received: by 2002:a05:6214:5296:b0:6fa:fc22:52eb with SMTP id 6a1803df08f44-70002b08448mr73259406d6.37.1751040956140;
        Fri, 27 Jun 2025 09:15:56 -0700 (PDT)
ARC-Seal: i=1; a=rsa-sha256; t=1751040956; cv=none;
        d=google.com;"
82245,üéâ PC Optimum x DoorDash = MORE points,n*****y@email.pcoptimum.ca,m*******f@gmail.com,2025-06-27T16:39:29.000Z,"Delivered-To: m*******f@gmail.com
Received: by 2002:a5d:5888:0:b0:3a3:6387:ba61 with SMTP id n8csp792112wrf;
        Fri, 27 Jun 2025 09:39:47 -0700 (PDT)
X-Google-Smtp-Source: AGHT+IHClyfm+NCicKXtWNrHWf8eTPG05Y/JyJ+VIZdzzbTUQKSf08daVqH+84ZBu65dHPt3XiKV
X-Received: by 2002:a05:620a:2685:b0:7d3:9260:6db0 with SMTP id af79cd13be357-7d4439351a6mr520687685a.3.1751042387260;
        Fri, 27 Jun 2025 09:39:47 -0700 (PDT)
ARC-Seal: i=1; a=rsa-sha256; t=1751042387; cv=none;
        d=google.com; "
82246,Dexian is hiring a Product Owner - Junior,j***********s@linkedin.com,m*******f@gmail.com,2025-06-27T16:47:08.000Z,"Delivered-To: m*******f@gmail.com
Received: by 2002:a5d:5888:0:b0:3a3:6387:ba61 with SMTP id n8csp795189wrf;
        Fri, 27 Jun 2025 09:47:10 -0700 (PDT)
X-Google-Smtp-Source: AGHT+IGo21El4usB9g7jjGFN62A+cto3vkUHMMO3VRNc1s9ULZjyAQdiG6Hcb+17OjYMD4/+YjmQ
X-Received: by 2002:a17:90a:d603:b0:313:db0b:75e4 with SMTP id 98e67ed59e1d1-318c9288263mr6406719a91.33.1751042830485;
        Fri, 27 Jun 2025 09:47:10 -0700 (PDT)
ARC-Seal: i=1; a=rsa-sha256; t=1751042830; cv=none;
        d=google.com; "
82247,What successful UX Designers have in common,l***n@itr.mail.codecademy.com,m*******f@gmail.com,2025-06-27T17:19:39.000Z,"Delivered-To: m*******f@gmail.com
Received: by 2002:a5d:5888:0:b0:3a3:6387:ba61 with SMTP id n8csp809922wrf;
        Fri, 27 Jun 2025 10:19:41 -0700 (PDT)
X-Google-Smtp-Source: AGHT+IGoa4RN33ur+r+SsRhvsbPj7ZFLc0tgcoiKn4tJftwJ0h3t1uW7OMV5TFIwN3azXOKLFyy3
X-Received: by 2002:a05:6102:548f:b0:4e5:9fbe:79f1 with SMTP id ada2fe7eead31-4ee4f98817dmr3687356137.24.1751044781145;
        Fri, 27 Jun 2025 10:19:41 -0700 (PDT)
ARC-Seal: i=1; a=rsa-sha256; t=1751044781; cv=none;
        d=google.com;"
82248,You've got 18 unread messages,n**********n@slack.com,m*******f@gmail.com,2025-06-27T17:33:02.000Z,"Delivered-To: m*******f@gmail.com
Received: by 2002:a5d:5888:0:b0:3a3:6387:ba61 with SMTP id n8csp815775wrf;
        Fri, 27 Jun 2025 10:33:03 -0700 (PDT)
X-Google-Smtp-Source: AGHT+IE5p0YYZC4JbnluA6KsTTykkFIqlQccTHm+TX0FnASzFHyk6MMswaD/7WNbIlMLKlhgixBg
X-Received: by 2002:a05:6214:2e49:b0:6fd:609d:e924 with SMTP id 6a1803df08f44-700139770dcmr81690286d6.36.1751045582816;
        Fri, 27 Jun 2025 10:33:02 -0700 (PDT)
ARC-Seal: i=1; a=rsa-sha256; t=1751045582; cv=none;
        d=google.com;"
82249,New Developer + Engineer Job Matches,s*****t@builtin.com,m*******f@gmail.com,2025-06-27T18:14:58.000Z,"Delivered-To: m*******f@gmail.com
Received: by 2002:a5d:5888:0:b0:3a3:6387:ba61 with SMTP id n8csp832674wrf;
        Fri, 27 Jun 2025 11:14:59 -0700 (PDT)
X-Google-Smtp-Source: AGHT+IEoEeP2AkL5oTiFM8EgEfEthelp6quBlMEu15i1rK8dxQe642WHKoLEcNan+TBvG6G38KLZ
X-Received: by 2002:a05:6a20:9194:b0:203:c461:dd36 with SMTP id adf61e73a8af0-220a127e2e1mr7120257637.6.1751048098860;
        Fri, 27 Jun 2025 11:14:58 -0700 (PDT)
ARC-Seal: i=1; a=rsa-sha256; t=1751048098; cv=none;
        d=google.com; "
82250,Application Confirmation: Computer Programmer/IT Intern (39489),u*******p@utoronto.ca,s**********f@mail.utoronto.ca,2025-06-27T21:13:16.000Z,"Delivered-To: m*******f@gmail.com
Received: by 2002:a5d:5888:0:b0:3a3:6387:ba61 with SMTP id n8csp897915wrf;
        Fri, 27 Jun 2025 14:13:18 -0700 (PDT)
X-Forwarded-Encrypted: i=3; AJvYcCVaHhYrbyTxOVL8irem/G/PY+zb4wqJDdwyAf1JQDVDtYKEwn7N56EiRxftRY3nGDhs/ZEzK728stE=@gmail.com
X-Google-Smtp-Source: AGHT+IH5dKKFJ/2vDmcxt6YPmzuP113cJIxj+y7K7pkxImmwxOIL86jN4YVbS8HA3M6z4YcxOiD3
X-Received: by 2002:a05:6e02:348d:b0:3dc:87c7:a5b5 with SMTP id e9e14a558f8ab-3df4ab45d22mr63333805ab.3.1751058798387;"
82251,ü§© Race tracks & robot terror‚Äîplan your perfect weekend now!,c******x@campaigns.cineplex.com,m*******f@gmail.com,2025-06-27T21:13:39.000Z,"Delivered-To: m*******f@gmail.com
Received: by 2002:a5d:5888:0:b0:3a3:6387:ba61 with SMTP id n8csp898037wrf;
        Fri, 27 Jun 2025 14:13:42 -0700 (PDT)
X-Google-Smtp-Source: AGHT+IE4zTuBKO9aKzuDp4/weypqOAY7O5FTryZV6RPtLjQbEMFjT0zq799K8DYutmIEdfdzjInj
X-Received: by 2002:a05:622a:1310:b0:4a7:8916:90a1 with SMTP id d75a77b69052e-4a7fcd4eba3mr75504281cf.22.1751058821970;
        Fri, 27 Jun 2025 14:13:41 -0700 (PDT)
ARC-Seal: i=1; a=rsa-sha256; t=1751058821; cv=none;
        d=google.com;"
82252,Application Confirmation: Frontend Developer (4 months)  (39498),u*******p@utoronto.ca,s**********f@mail.utoronto.ca,2025-06-27T21:22:31.000Z,"Delivered-To: m*******f@gmail.com
Received: by 2002:a5d:5888:0:b0:3a3:6387:ba61 with SMTP id n8csp901206wrf;
        Fri, 27 Jun 2025 14:22:41 -0700 (PDT)
X-Forwarded-Encrypted: i=3; AJvYcCUEyNEGahADzPmRc0PHCs3ELjawPfV+5iNjVZzA184dMkYuDTAQ4wPvO7SvzR7sA26gh5g570h7bQs=@gmail.com
X-Google-Smtp-Source: AGHT+IFqmTBYBXLGvmkgPNCHiQGQg9ei5nEURqnFABa3EzL9NVS3XUOYkBXRipEOOPVlM2b3ji0o
X-Received: by 2002:a05:6902:4892:b0:e81:9cbd:d184 with SMTP id 3f1490d57ef6-e87a7bec05bmr7281718276.47.1751059361653;"
82253,Application Confirmation: Frontend Developer (8 months)  (39499),u*******p@utoronto.ca,s**********f@mail.utoronto.ca,2025-06-27T21:22:51.000Z,"Delivered-To: m*******f@gmail.com
Received: by 2002:a5d:5888:0:b0:3a3:6387:ba61 with SMTP id n8csp901283wrf;
        Fri, 27 Jun 2025 14:22:55 -0700 (PDT)
X-Forwarded-Encrypted: i=3; AJvYcCU+vHKtgMrdCxSF08h9D7bLEe4I+Z9fzEoJI6bN9VBe9sEGPRLOh7KWMBYnrT9ZW5d1hFGHJpaSZgA=@gmail.com
X-Google-Smtp-Source: AGHT+IHg+f3KzuOnAEyXg+ERp/RvrRhJkZnU0GBzRhzrrtqV5TYZPneeXzs3sjqifyDBZuGRItB+
X-Received: by 2002:a05:6902:120d:b0:e85:ebc2:6321 with SMTP id 3f1490d57ef6-e87a7ad1b58mr6516970276.4.1751059375540;"
82254,Application Confirmation: Technical Trainee (Asset Strategy & Capital Planning) (39445),u*******p@utoronto.ca,s**********f@mail.utoronto.ca,2025-06-27T21:49:21.000Z,"Delivered-To: m*******f@gmail.com
Received: by 2002:a5d:5888:0:b0:3a3:6387:ba61 with SMTP id n8csp908849wrf;
        Fri, 27 Jun 2025 14:49:24 -0700 (PDT)
X-Forwarded-Encrypted: i=3; AJvYcCXt3OasKu8tGRDfAF+1o4NFWP3j2s4luZKdNTsqfsWwDpaq1oKAjYEO1jmTY6fgPlVKI5faPEyhtpA=@gmail.com
X-Google-Smtp-Source: AGHT+IFlA1FBx93mpi8BS9wxYNFkMe22f/x7zozQPP7Hf2r0H3XmAQ/4fkqv0WI0+iXTJw4OSZnx
X-Received: by 2002:a05:6e02:198f:b0:3df:4046:93a9 with SMTP id e9e14a558f8ab-3df4ab3c65emr64627395ab.5.1751060963982;"
82255,Automatic reply: Application for Technical Trainee ‚Äì Asset Strategy & Maintenance Planning,P***********o@toronto.ca,s**********f@mail.utoronto.ca,2025-06-27T21:56:16.000Z,"Delivered-To: m*******f@gmail.com
Received: by 2002:a5d:5888:0:b0:3a3:6387:ba61 with SMTP id n8csp910523wrf;
        Fri, 27 Jun 2025 14:56:23 -0700 (PDT)
X-Forwarded-Encrypted: i=5; AJvYcCVYQ/5rDIS1q+NZ7eF42/qJiPCgwMu9hp53yrFhKxziR2XJL3scT1fMV9T+ypXSfi02YrOJUXMGi6Q=@gmail.com
X-Google-Smtp-Source: AGHT+IH5BaLyLipZR0aygLK6KHilPoYqFmILHxYq8BmCDn0AgX7r/jYeshjy+qTu7dpU0EvOyTgy
X-Received: by 2002:a05:6902:500c:b0:e85:fe89:7f7c with SMTP id 3f1490d57ef6-e87a7b8cd18mr4674106276.45.1751061383267;"
82256,"Application Confirmation: Co-Op/Intern, Software Development (39367)",u*******p@utoronto.ca,s**********f@mail.utoronto.ca,2025-06-27T21:56:22.000Z,"Delivered-To: m*******f@gmail.com
Received: by 2002:a5d:5888:0:b0:3a3:6387:ba61 with SMTP id n8csp910532wrf;
        Fri, 27 Jun 2025 14:56:25 -0700 (PDT)
X-Forwarded-Encrypted: i=3; AJvYcCWnXfdKWYMWIjWa73vrQv5f4QPnIEDCbGfCwaZhQ7Cv04ufGNheZmEGeqy4R0zStCgso/zO/qkmFxk=@gmail.com
X-Google-Smtp-Source: AGHT+IG+z5kiNMJpzKGQt0c5bgoeBX90KrI9okrZJLTCtromuF8n61CdH92vcVSH8nwkFfv13892
X-Received: by 2002:a05:6902:2005:b0:e81:7acd:f77e with SMTP id 3f1490d57ef6-e87a7b01d50mr6922134276.6.1751061385203;"
82257,The media lies. We don‚Äôt.,**@email.dailywire.com,m*******f@gmail.com,2025-06-27T22:06:37.000Z,"Delivered-To: m*******f@gmail.com
Received: by 2002:a5d:5888:0:b0:3a3:6387:ba61 with SMTP id n8csp914950wrf;
        Fri, 27 Jun 2025 15:06:38 -0700 (PDT)
X-Google-Smtp-Source: AGHT+IF1FtiwJspt8OWykbYzCuASh16yQid6hYhMJ16zgYjIEaqnH4ki/JrUnfa6jwEQEaSV9QSO
X-Received: by 2002:a05:622a:547:b0:494:aa40:b0c3 with SMTP id d75a77b69052e-4a7fc9d4f4bmr65207251cf.10.1751061997878;
        Fri, 27 Jun 2025 15:06:37 -0700 (PDT)
ARC-Seal: i=1; a=rsa-sha256; t=1751061997; cv=none;
        d=google.com; "
82258,"Thank you for applying to Hootsuite! - Co-Op/Intern, Software Development - Fall 2025",n*************g@hootsuite.com,s**********f@mail.utoronto.ca,2025-06-27T22:08:02.000Z,"Delivered-To: m*******f@gmail.com
Received: by 2002:a5d:5888:0:b0:3a3:6387:ba61 with SMTP id n8csp915457wrf;
        Fri, 27 Jun 2025 15:08:07 -0700 (PDT)
X-Forwarded-Encrypted: i=3; AJvYcCV5cfqtF3X4VZP7DCXbyvV5dXWri+8OzymiIQwvLQdbJ3fWYky7zsjbfn6hqyyEEhmB23MJVoXNQnA=@gmail.com
X-Google-Smtp-Source: AGHT+IE0CkzY3o1J/vg3QxUpHpG8H8p2Wa7rFmEvnYvfy894FnyN/xAVksanRVjsCK6/7/L2OeNq
X-Received: by 2002:a05:6902:6b0b:b0:e86:e86b:e710 with SMTP id 3f1490d57ef6-e87a7b0f7damr4726131276.19.1751062087608;"
82259,Application Confirmation: Full Stack Developer (12- or 16- month co-opo) (39330),u*******p@utoronto.ca,s**********f@mail.utoronto.ca,2025-06-27T22:27:42.000Z,"Delivered-To: m*******f@gmail.com
Received: by 2002:a5d:5888:0:b0:3a3:6387:ba61 with SMTP id n8csp921170wrf;
        Fri, 27 Jun 2025 15:27:47 -0700 (PDT)
X-Forwarded-Encrypted: i=3; AJvYcCX2FuUqMG8P3sDORYiU9MkM9OpbBVzxklnZs8jVP36EOHWPu+g9MGiL9XNXHBNkcAF2XNmLbWfzQfM=@gmail.com
X-Google-Smtp-Source: AGHT+IEdo+IJyl6dTvP3pvDz6dfWAcWrLKxnlszYlg3UomxwHtoCHYhCV3Kuc68wHv0YPsAEpyX4
X-Received: by 2002:a05:6e02:12cb:b0:3dd:b7ea:c3d9 with SMTP id e9e14a558f8ab-3df4ab5ccbcmr66768575ab.7.1751063267725;"
82260,Thank you for your interest in Mozilla!,n******y@mozilla.com,s**********f@mail.utoronto.ca,2025-06-27T22:33:57.000Z,"Delivered-To: m*******f@gmail.com
Received: by 2002:a5d:5888:0:b0:3a3:6387:ba61 with SMTP id n8csp922991wrf;
        Fri, 27 Jun 2025 15:34:04 -0700 (PDT)
X-Forwarded-Encrypted: i=3; AJvYcCWmeU5ZA8YhrryMZw9vuM8jWuFtcBqny5NZGRpLLORcA7jhy+ySBimLnqyclbvdoAzbrJG6og5yQ7U=@gmail.com
X-Google-Smtp-Source: AGHT+IGjs9bx7rhD/SN1LQlVIs/P11/uU7+KyyBuTZw+aEDh+y2K+8AL70ARee0rdheTwaLE4r8d
X-Received: by 2002:a05:6902:20ca:b0:e83:23ed:6a12 with SMTP id 3f1490d57ef6-e87a7af55b2mr7759760276.10.1751063643862;"
82261,Application Confirmation: Full-Stack Software Engineering Intern (39303),u*******p@utoronto.ca,s**********f@mail.utoronto.ca,2025-06-27T22:34:28.000Z,"Delivered-To: m*******f@gmail.com
Received: by 2002:a5d:5888:0:b0:3a3:6387:ba61 with SMTP id n8csp923139wrf;
        Fri, 27 Jun 2025 15:34:32 -0700 (PDT)
X-Forwarded-Encrypted: i=3; AJvYcCU6ZlZW4I9lpv3A1yDe5/PobhyIWI3dBfAkqq3Ox+J1PoU8fFjE0pKRc7mxU/w/eQNAlJQqk9EzC0c=@gmail.com
X-Google-Smtp-Source: AGHT+IEbJzOkWOe021E14xgkYbnZ8wQqA6Bk9CNpX0AjLbQ5cT2cmpNFiZqzF04Y/rE8EinwojzT
X-Received: by 2002:a05:6e02:3c05:b0:3dd:c9e4:d46a with SMTP id e9e14a558f8ab-3df4b45cdd7mr50799625ab.7.1751063671738;"
82262,amazon.com: Sign-in attempt,a************e@amazon.com,m*******f@gmail.com,2025-06-27T22:36:07.000Z,"Delivered-To: m*******f@gmail.com
Received: by 2002:a5d:5888:0:b0:3a3:6387:ba61 with SMTP id n8csp923536wrf;
        Fri, 27 Jun 2025 15:36:08 -0700 (PDT)
X-Google-Smtp-Source: AGHT+IGicKr7Dwdk6dUyVP3qtVD0ArOS5g2kJbTmveoZT0BByM4tldZ822xEneItOtR2s5iYaYT7
X-Received: by 2002:a05:620a:4556:b0:7d0:97b1:bfa with SMTP id af79cd13be357-7d4438f5011mr821299485a.8.1751063767649;
        Fri, 27 Jun 2025 15:36:07 -0700 (PDT)
ARC-Seal: i=1; a=rsa-sha256; t=1751063767; cv=none;
        d=google.com; s"
82263,Application Confirmation: Machine Learning + LLM / Software Developer Intern (39275),u*******p@utoronto.ca,s**********f@mail.utoronto.ca,2025-06-27T22:47:19.000Z,"Delivered-To: m*******f@gmail.com
Received: by 2002:a5d:5888:0:b0:3a3:6387:ba61 with SMTP id n8csp926178wrf;
        Fri, 27 Jun 2025 15:47:23 -0700 (PDT)
X-Forwarded-Encrypted: i=3; AJvYcCUAuR4dxavTRUPxHMoAxaDkjajz/YlaFmHPw0DQzPQ59w1v+sHVFydPjXtQLXhR9Da8Y/xAOU9CjGA=@gmail.com
X-Google-Smtp-Source: AGHT+IHtNLv6BaUeEAzumuxdVkJ4lurHAvLlVM8fPUtgqJRrJneU17UZnKleYbnZw4sxf7SeYv3T
X-Received: by 2002:a05:6e02:3f11:b0:3df:3af4:ae4c with SMTP id e9e14a558f8ab-3df4aacd30emr69052285ab.0.1751064443405;"
82264,Application Confirmation: Software Engineer (Co-op) (8 month) (39290),u*******p@utoronto.ca,s**********f@mail.utoronto.ca,2025-06-27T22:47:41.000Z,"Delivered-To: m*******f@gmail.com
Received: by 2002:a5d:5888:0:b0:3a3:6387:ba61 with SMTP id n8csp926259wrf;
        Fri, 27 Jun 2025 15:47:46 -0700 (PDT)
X-Forwarded-Encrypted: i=3; AJvYcCX+e6qSJeyE2Bhe5iZa/AWs+Q8kGOxwOOfe0lA5iG0qRP6Kt3WRlszPGcdOg4MIPn6sdiuae3X3+gg=@gmail.com
X-Google-Smtp-Source: AGHT+IGnLUII0BDWrdPj2MDpTxXyXipSnQtxX3yx/CSROYSIHjuH3A7Nh2KRVwETh1bku2e6QvdR
X-Received: by 2002:a05:6e02:18cc:b0:3df:3222:278e with SMTP id e9e14a558f8ab-3df4ab2c1e4mr67776445ab.1.1751064466643;"
82265,Application Confirmation: Software Engineer (Co-op) (4 month) (39263),u*******p@utoronto.ca,s**********f@mail.utoronto.ca,2025-06-27T22:47:48.000Z,"Delivered-To: m*******f@gmail.com
Received: by 2002:a5d:5888:0:b0:3a3:6387:ba61 with SMTP id n8csp926285wrf;
        Fri, 27 Jun 2025 15:47:52 -0700 (PDT)
X-Forwarded-Encrypted: i=3; AJvYcCVSJAd+KcP5ungRAq8ZkW3xuQdnVaFyAyqGM/jDSaFtSAe0waI4Auw20DSJc10twCmuLURJ2eeliUs=@gmail.com
X-Google-Smtp-Source: AGHT+IGBI33ioj7iyvqdZNIbrN/KsBNV3ps3dhwiSFIg78etzuZQ3oqQ1Yi9snDY+VEJHzg024/A
X-Received: by 2002:a05:6e02:19cf:b0:3df:4723:7031 with SMTP id e9e14a558f8ab-3df4ab87fcamr53914435ab.10.1751064472551"
82266,Your request couldn't be created,j**a@digy4.atlassian.net,s**********f@mail.utoronto.ca,2025-06-27T22:48:20.000Z,"Delivered-To: m*******f@gmail.com
Received: by 2002:a5d:5888:0:b0:3a3:6387:ba61 with SMTP id n8csp926425wrf;
        Fri, 27 Jun 2025 15:48:26 -0700 (PDT)
X-Forwarded-Encrypted: i=3; AJvYcCWQlPe8NB3T6oGS6s6eljax5h2fLDTZ3kTBfuJZzS+pvBfVIGZLd7vqP7GG5ww55uK8A6TTlCEE+9s=@gmail.com
X-Google-Smtp-Source: AGHT+IE5faE31qppo78esTFkqeJUczMnK9UAcM0uRZS7/0Nqu9dGqvuf/1XxBLkU3njjYDVn4rVH
X-Received: by 2002:a05:6e02:2789:b0:3dd:b808:be68 with SMTP id e9e14a558f8ab-3df4abbd1cbmr63212985ab.16.1751064505909"
82267,Application Offer,s******u@gmail.com,m*******f@gmail.com,2025-06-27T23:28:38.000Z,"Delivered-To: m*******f@gmail.com
Received: by 2002:a5d:5888:0:b0:3a3:6387:ba61 with SMTP id n8csp938528wrf;
        Fri, 27 Jun 2025 16:28:49 -0700 (PDT)
X-Received: by 2002:a05:6102:cce:b0:4ec:c50b:f036 with SMTP id ada2fe7eead31-4ee4f4d1378mr4406110137.7.1751066929121;
        Fri, 27 Jun 2025 16:28:49 -0700 (PDT)
ARC-Seal: i=1; a=rsa-sha256; t=1751066929; cv=none;
        d=google.com; s=arc-20240605;
        b=DsJc6cfY7Q2CxsOFP33+BUEx7kf9VzzvLBP94YLLx3t3SQpfpaNqO/GaKxSh7461Ia
      "
